model,threshold,accuracy,recall,precision,f1,roc_auc
Final Model - Notebook Model 4,0.3,0.9573333333333334,0.7916666666666666,0.7702702702702703,0.7808219178082192,0.9720634627990822
